"Patient.ID","Sample.ID","Arm","Age","Weight","ECOG","Sex","Best.SLD","Country","CD8.ihc","KRAS.mutant","KRAS.exprs","OS","OS.CNSR","PFS","PFS.CNSR","Response","BEP"
"PID001","SID001","TRT",40,61,0,"F",550.496960952424,"Western Europe",3,"Mutant",171.25,9.6919917864,0,5.7823408624,0,"PR",1
"PID002","SID002","TRT",60,87,1,"F",549.77512528457,"USA",2,"Wild Type",2.77,4.4353182752,1,1.4127310062,1,"PD",1
"PID003","SID003","TRT",53,57.6,1,"M",548.882856834668,"Western Europe",3,"Wild Type",61.82,9.6919917864,0,1.2156057495,1,"PD",1
"PID004","SID004","TRT",44,57,0,"F",549.605005396686,"USA",1,"Mutant",71.51,1.9055441478,0,1.9055441478,1,"PD",1
"PID005","SID005","TRT",49,72.5,2,"F",551.549830342236,"Other",NA,NA,NA,2.6283367556,1,2.6283367556,1,"SD",0
"PID006","SID006","TRT",62,76,0,"M",549.256485520201,"Other",2,"Mutant",44.63,4.8295687885,0,4.1396303901,0,"NON CR/PD",1
"PID007","SID007","TRT",70,46,0,"M",547.66828788227,"Western Europe",NA,NA,19.29,1.6098562628,0,1.6098562628,1,"PD",0
"PID008","SID008","TRT",49,69.3,1,"M",550.812245442209,"Western Europe",1,"Wild Type",32,9.0349075975,0,8.2464065708,0,"NON CR/PD",1
"PID009","SID009","TRT",62,65,0,"F",549.498689342799,"Western Europe",NA,NA,NA,0.59137577,1,0.0985626283,1,"PD",0
"PID010","SID010","CTRL",45,54,1,"F",549.489113434048,"Other",NA,NA,179.77,2.2012320329,0,1.4455852156,0,"SD",0
"PID011","SID011","TRT",65,53,1,"F",550.496960952424,"Other",NA,NA,74.54,3.4168377823,0,2.5954825462,0,"PR",0
"PID012","SID012","CTRL",52,68.8,0,"M",549.77512528457,"Other",3,"Mutant",28.44,4.5995893224,0,3.0554414784,1,"SD",1
"PID013","SID013","TRT",56,63.9,2,"M",548.882856834668,"Western Europe",2,"Wild Type",792.35,6.9979466119,0,6.932238193,0,"PR",1
"PID014","SID014","TRT",54,61,1,"F",549.605005396686,"USA",NA,NA,NA,7.6221765914,0,6.8008213552,0,"NON CR/PD",0
"PID015","SID015","TRT",38,70,1,"F",551.549830342236,"Western Europe",2,"Wild Type",53.82,5.3223819302,0,1.6755646817,1,"PD",1
"PID016","SID016","TRT",56,64.2,2,"F",549.256485520201,"USA",1,"Wild Type",43.11,7.227926078,0,4.0082135524,1,"SD",1
"PID017","SID017","TRT",47,69,1,"M",547.66828788227,"USA",3,"Wild Type",212.31,5.2895277207,0,4.0410677618,0,"SD",1
"PID018","SID018","CTRL",43,55.8,1,"F",550.812245442209,"Western Europe",NA,NA,3.01,0.0328542094,0,0.0328542094,0,"",0
"PID019","SID019","CTRL",66,63,1,"M",549.498689342799,"USA",2,"Wild Type",23.26,11.794661191,0,11.400410678,0,"NON CR/PD",1
"PID020","SID020","TRT",57,60,1,"F",549.489113434048,"Other",NA,NA,NA,2.8254620123,0,2.6940451745,0,"SD",0
"PID021","SID021","TRT",56,71.2,0,"M",550.496960952424,"USA",2,"Wild Type",89.26,3.7125256674,0,3.022587269,1,"PR",1
"PID022","SID022","CTRL",71,79,1,"M",549.77512528457,"Western Europe",3,"Wild Type",508.46,9.2977412731,0,6.932238193,0,"SD",1
"PID023","SID023","TRT",52,66.68,2,"M",548.882856834668,"Western Europe",3,"Wild Type",481.04,4.8952772074,1,4.8952772074,1,"SD",1
"PID024","SID024","TRT",57,91.2,1,"M",549.605005396686,"Other",2,"Wild Type",195.36,12.287474333,0,12.287474333,0,"PR",1
"PID025","SID025","TRT",43,99.5,0,"F",551.549830342236,"Western Europe",NA,NA,NA,11.728952772,0,11.728952772,0,"SD",0
"PID026","SID026","CTRL",46,91.8,0,"F",549.256485520201,"USA",NA,NA,337.79,1.6427104723,0,1.3141683778,0,"NON CR/PD",0
"PID027","SID027","CTRL",49,51,1,"F",547.66828788227,"Other",NA,NA,44.63,0.8542094456,1,0.8542094456,1,"",0
"PID028","SID028","CTRL",64,54.8,0,"M",550.812245442209,"USA",1,"Wild Type",NA,2.2997946612,0,1.839835729,0,"NON CR/PD",0
"PID029","SID029","CTRL",54,62.5,0,"F",549.498689342799,"Other",NA,NA,3.56,7.7864476386,0,6.2094455852,1,"SD",0
"PID030","SID030","CTRL",62,70,0,"F",549.489113434048,"Western Europe",1,"Mutant",57.28,11.203285421,0,11.203285421,0,"PR",1
"PID031","SID031","TRT",37,60,2,"M",550.496960952424,"Other",NA,NA,134.36,9.8891170431,0,9.8891170431,0,"PR",0
"PID032","SID032","TRT",44,94,0,"F",549.77512528457,"Western Europe",1,"Mutant",79.34,6.4722792608,0,5.2238193018,1,"SD",1
"PID033","SID033","CTRL",54,42,1,"F",548.882856834668,"Other",2,"Wild Type",NA,3.909650924,1,1.5441478439,1,"PD",0
"PID034","SID034","TRT",65,62.1,1,"M",549.605005396686,"Other",1,"Mutant",76.64,4.2710472279,0,4.0739219713,0,"NON CR/PD",1
"PID035","SID035","TRT",54,50.2,1,"F",551.549830342236,"Western Europe",1,"Mutant",25.28,3.2854209446,0,2.6611909651,1,"PD",1
"PID036","SID036","CTRL",68,58.5,1,"M",549.256485520201,"Western Europe",NA,"Wild Type",6.28,3.3511293634,1,1.839835729,1,"PD",0
"PID037","SID037","TRT",54,73,0,"M",547.66828788227,"Western Europe",3,"Mutant",16.56,4.0082135524,0,4.0082135524,1,"SD",1
"PID038","SID038","TRT",68,62,1,"F",550.812245442209,"Other",3,"Mutant",159.79,11.991786448,0,11.071868583,0,"PR",1
"PID039","SID039","TRT",45,79.8,0,"F",549.498689342799,"Western Europe",NA,"Wild Type",94.35,4.9281314168,0,4.2710472279,0,"SD",0
"PID040","SID040","CTRL",65,40,1,"F",549.489113434048,"USA",3,"Wild Type",46.53,5.0595482546,0,3.9753593429,0,"SD",1
"PID041","SID041","CTRL",65,42,0,"F",550.496960952424,"Western Europe",NA,NA,6.06,11.301848049,0,9.8891170431,1,"SD",0
"PID042","SID042","TRT",40,61,0,"M",549.77512528457,"Western Europe",1,"Wild Type",57.28,3.8110882957,0,2.7597535934,0,"PR",1
"PID043","SID043","CTRL",43,91.5,0,"F",548.882856834668,"Western Europe",3,"Mutant",33.59,3.5811088296,0,1.2484599589,1,"PD",1
"PID044","SID044","CTRL",45,51,1,"F",549.605005396686,"USA",NA,NA,85.04,3.8110882957,0,0.0328542094,0,"",0
"PID045","SID045","TRT",64,96,1,"F",551.549830342236,"USA",2,"Mutant",82.14,6.4394250513,0,5.5195071869,0,"NON CR/PD",1
"PID046","SID046","TRT",50,115.8,0,"F",549.256485520201,"Western Europe",2,"Mutant",133.44,5.7823408624,0,3.5154004107,1,"NON CR/PD",1
"PID047","SID047","TRT",66,79,0,"M",547.66828788227,"Other",NA,NA,186.11,11.433264887,0,10.874743326,0,"NON CR/PD",0
"PID048","SID048","CTRL",49,64.7,0,"M",550.812245442209,"Western Europe",NA,NA,21.56,3.5811088296,0,2.5626283368,0,"NON CR/PD",0
"PID049","SID049","TRT",47,91.8,1,"M",549.498689342799,"Western Europe",2,"Mutant",9.13,9.1991786448,0,8.5420944559,0,"PR",1
"PID050","SID050","TRT",59,75,0,"M",549.489113434048,"Western Europe",NA,NA,NA,9.5277207392,1,3.9753593429,1,"SD",0
"PID051","SID051","TRT",69,102.1,0,"F",550.496960952424,"Western Europe",NA,NA,814.63,7.4579055441,0,6.932238193,1,"PR",0
"PID052","SID052","TRT",41,68.5,0,"F",549.77512528457,"Other",3,"Wild Type",1468.37,7.1950718686,0,7.1950718686,0,"PR",1
"PID053","SID053","CTRL",55,61,0,"M",548.882856834668,"Western Europe",NA,NA,20.82,11.039014374,0,2.7926078029,1,"PD",0
"PID054","SID054","TRT",82,49.5,1,"F",549.605005396686,"Western Europe",1,"Wild Type",8.28,6.3080082136,0,6.3080082136,1,"SD",1
"PID055","SID055","TRT",49,78.5,0,"F",551.549830342236,"Other",NA,NA,298.17,12.353182752,0,3.5811088296,1,"NON CR/PD",0
"PID056","SID056","CTRL",49,66,0,"F",549.256485520201,"Other",NA,NA,77.71,5.749486653,0,5.3552361396,1,"SD",0
"PID057","SID057","TRT",45,55.2,0,"M",547.66828788227,"USA",3,"Wild Type",270.6,4.8952772074,0,4.1724845996,0,"SD",1
"PID058","SID058","TRT",48,55,0,"M",550.812245442209,"Western Europe",3,"Mutant",23.26,8.3121149897,0,8.1478439425,0,"PR",1
"PID059","SID059","CTRL",47,55.2,2,"F",549.498689342799,"Western Europe",1,"Wild Type",97.01,6.8008213552,0,5.4209445585,0,"PR",1
"PID060","SID060","TRT",71,70.95,0,"M",549.489113434048,"Western Europe",3,"Mutant",29.86,6.9650924025,0,4.2381930185,1,"SD",1
"PID061","SID061","TRT",53,59,1,"F",550.496960952424,"Other",NA,NA,134.36,7.7207392197,1,6.5051334702,1,"SD",0
"PID062","SID062","CTRL",42,50.3,1,"M",549.77512528457,"Western Europe",3,"Wild Type",46.85,4.5995893224,0,1.18275154,1,"PD",1
"PID063","SID063","CTRL",51,67.5,0,"F",548.882856834668,"Other",NA,NA,183.55,6.0123203285,1,1.4127310062,1,"PD",0
"PID064","SID064","TRT",43,74,0,"F",549.605005396686,"USA",2,"Wild Type",272.48,3.4496919918,0,2.9897330595,0,"NON CR/PD",1
"PID065","SID065","TRT",54,69.6,0,"F",551.549830342236,"Western Europe",NA,NA,45.25,4.3696098563,1,3.2197125257,1,"NON CR/PD",0
"PID066","SID066","CTRL",59,56,0,"M",549.256485520201,"USA",NA,NA,NA,7.4250513347,1,7.4250513347,1,"",0
"PID067","SID067","CTRL",72,52,0,"M",547.66828788227,"Western Europe",NA,NA,66.26,8.3121149897,0,1.7084188912,1,"PD",0
"PID068","SID068","TRT",61,71,0,"M",550.812245442209,"Western Europe",NA,NA,6.02,8.9363449692,0,2.9568788501,1,"SD",0
"PID069","SID069","TRT",63,62.7,0,"F",549.498689342799,"Other",NA,NA,20.39,5.1252566735,0,4.0739219713,1,"SD",0
"PID070","SID070","TRT",56,65,1,"M",549.489113434048,"Western Europe",3,"Mutant",296.11,4.4024640657,0,4.3696098563,0,"PR",1
"PID071","SID071","TRT",36,80.7,1,"F",550.496960952424,"USA",3,"Mutant",22.94,5.7823408624,0,5.7166324435,1,"PR",1
"PID072","SID072","TRT",80,74.5,1,"M",549.77512528457,"Western Europe",1,"Wild Type",15.03,5.6180698152,0,5.3880903491,0,"NON CR/PD",1
"PID073","SID073","TRT",65,60.9,1,"F",548.882856834668,"Western Europe",NA,NA,70.52,2.2012320329,1,1.4127310062,1,"PD",0
"PID074","SID074","TRT",49,52.2,0,"M",549.605005396686,"USA",NA,"Wild Type",116.16,3.5482546201,0,2.8254620123,0,"NON CR/PD",0
"PID075","SID075","TRT",56,63.5,0,"M",551.549830342236,"Other",NA,NA,7.78,3.5482546201,0,2.7926078029,0,"PR",0
"PID076","SID076","CTRL",41,54.6,1,"F",549.256485520201,"Western Europe",2,"Mutant",NA,0.9199178645,0,0.0328542094,0,"",0
"PID077","SID077","TRT",59,52.4,0,"M",547.66828788227,"Western Europe",2,"Wild Type",21.26,5.8151950719,0,5.5852156057,1,"SD",1
"PID078","SID078","CTRL",52,79.5,0,"F",550.812245442209,"Western Europe",3,"Mutant",14.03,3.5154004107,0,1.4127310062,1,"PD",1
"PID079","SID079","TRT",41,46,1,"M",549.498689342799,"Western Europe",1,"Wild Type",12.55,10.151950719,0,4.1396303901,1,"SD",1
"PID080","SID080","TRT",39,65.2,0,"F",549.489113434048,"Other",NA,NA,NA,7.9835728953,1,6.3080082136,1,"SD",0
"PID081","SID081","TRT",62,67.6,2,"F",550.496960952424,"Western Europe",3,"Wild Type",196.72,5.5195071869,1,1.4127310062,1,"PD",1
"PID082","SID082","TRT",64,75,0,"M",549.77512528457,"Western Europe",NA,NA,250.73,10.184804928,0,9.4291581109,1,"SD",0
"PID083","SID083","CTRL",50,74.4,0,"M",548.882856834668,"USA",NA,NA,NA,0.0328542094,0,0.0328542094,0,"",0
"PID084","SID084","TRT",73,68,0,"F",549.605005396686,"USA",1,"Wild Type",47.18,7.5893223819,0,4.1067761807,1,"SD",1
"PID085","SID085","CTRL",48,63,1,"M",551.549830342236,"Western Europe",3,NA,474.41,13.371663244,0,6.4722792608,1,"SD",0
"PID086","SID086","CTRL",44,94,0,"M",549.256485520201,"Other",3,"Wild Type",1.8,5.0595482546,1,2.8254620123,1,"PD",1
"PID087","SID087","CTRL",37,47.5,0,"M",547.66828788227,"Western Europe",2,"Wild Type",5.98,11.466119097,0,4.5338809035,1,"SD",1
"PID088","SID088","TRT",43,87,0,"M",550.812245442209,"Other",3,"Wild Type",298.17,9.6919917864,0,9.6919917864,0,"PR",1
"PID089","SID089","TRT",59,81.8,0,"F",549.498689342799,"Western Europe",3,"Mutant",NA,9.3963039014,0,3.0882956879,1,"SD",0
"PID090","SID090","CTRL",66,51,1,"F",549.489113434048,"Western Europe",NA,NA,66.26,4.9609856263,0,1.2813141684,0,"NE",0
"PID091","SID091","TRT",54,58,1,"F",550.496960952424,"Western Europe",NA,NA,202.25,6.2751540041,0,6.2751540041,0,"PR",0
"PID092","SID092","TRT",42,64.8,1,"M",549.77512528457,"Other",NA,NA,NA,4.1067761807,0,2.7926078029,0,"PR",0
"PID093","SID093","TRT",38,126.46,0,"F",548.882856834668,"Western Europe",2,"Wild Type",134.36,10.611909651,0,9.9219712526,0,"SD",1
"PID094","SID094","TRT",40,78.8,0,"M",549.605005396686,"Western Europe",NA,"Wild Type",313,6.8008213552,1,6.8008213552,1,"NON CR/PD",0
"PID095","SID095","CTRL",51,76,0,"F",551.549830342236,"Western Europe",1,"Wild Type",6.02,4.205338809,0,4.1067761807,0,"PR",1
"PID096","SID096","TRT",60,61,2,"M",549.256485520201,"Western Europe",3,"Mutant",33.82,8.8706365503,1,6.8993839836,1,"SD",1
"PID097","SID097","TRT",36,58.8,0,"M",547.66828788227,"Western Europe",NA,NA,27.67,5.9794661191,0,4.501026694,1,"SD",0
"PID098","SID098","TRT",35,65.5,0,"F",550.812245442209,"Western Europe",3,"Wild Type",71.51,2.8911704312,0,2.8911704312,0,"PR",1
"PID099","SID099","TRT",63,70,0,"F",549.498689342799,"Other",3,NA,NA,0.2628336756,1,0.2628336756,1,"",0
"PID100","SID100","TRT",60,76.7,0,"F",549.489113434048,"Western Europe",2,"Mutant",58.08,8.3121149897,0,5.3552361396,0,"PR",1
"PID101","SID101","TRT",34,53.7,1,"F",550.496960952424,"Other",NA,NA,144.01,10.776180698,0,9.7577002053,0,"PR",0
"PID102","SID102","TRT",61,65,0,"F",549.77512528457,"USA",NA,NA,NA,2.9897330595,0,2.9240246407,1,"SD",0
"PID103","SID103","TRT",37,62,1,"M",548.882856834668,"Western Europe",NA,NA,76.64,4.2710472279,0,4.0739219713,0,"SD",0
"PID104","SID104","CTRL",58,60,0,"M",549.605005396686,"Other",NA,NA,79.34,10.0862423,0,1.3141683778,1,"PD",0
"PID105","SID105","TRT",77,69.9,1,"F",551.549830342236,"USA",2,"Wild Type",110.66,4.1724845996,0,3.9425051335,1,"SD",1
"PID106","SID106","CTRL",52,104.7,1,"M",549.256485520201,"Other",NA,NA,21.11,4.4681724846,0,3.9753593429,0,"SD",0
"PID107","SID107","TRT",63,64.7,0,"M",547.66828788227,"Other",NA,"Wild Type",177.29,8.772073922,0,5.1252566735,1,"SD",0
"PID108","SID108","TRT",75,63,0,"F",550.812245442209,"USA",2,"Wild Type",NA,13.60164271,0,12.41889117,0,"PR",0
"PID109","SID109","TRT",55,52,2,"F",549.498689342799,"Western Europe",1,"Wild Type",106.89,2.6940451745,0,1.4127310062,0,"SD",1
"PID110","SID110","TRT",59,60,0,"F",549.489113434048,"USA",2,"Wild Type",22.47,2.8583162218,0,2.5954825462,1,"SD",1
"PID111","SID111","TRT",75,94.6,1,"M",550.496960952424,"USA",NA,"Wild Type",44.32,7.227926078,0,6.4722792608,0,"SD",0
"PID112","SID112","TRT",54,45.8,2,"F",549.77512528457,"Western Europe",1,"Mutant",22.32,2.3983572895,1,1.6098562628,1,"PD",1
"PID113","SID113","CTRL",62,58,1,"M",548.882856834668,"USA",2,"Wild Type",39.4,7.523613963,0,6.8008213552,0,"SD",1
"PID114","SID114","CTRL",64,85,0,"F",549.605005396686,"USA",1,"Wild Type",97.01,6.0780287474,0,5.3552361396,1,"NON CR/PD",1
"PID115","SID115","TRT",57,51.8,1,"M",551.549830342236,"Other",1,NA,347.29,9.1334702259,0,5.6509240246,1,"SD",0
"PID116","SID116","CTRL",33,50,0,"F",549.256485520201,"Other",NA,NA,173.65,3.3839835729,0,2.7597535934,0,"NON CR/PD",0
"PID117","SID117","TRT",55,68,1,"F",547.66828788227,"Western Europe",1,"Wild Type",7.62,3.0882956879,1,1.9712525667,1,"PD",1
"PID118","SID118","CTRL",38,60,1,"M",550.812245442209,"Other",NA,NA,3.32,13.01026694,0,7.0636550308,1,"SD",0
"PID119","SID119","CTRL",65,54,0,"M",549.498689342799,"USA",2,"Wild Type",93.7,9.9876796715,0,2.5626283368,0,"PR",1
"PID120","SID120","TRT",56,57,0,"F",549.489113434048,"USA",2,"Mutant",6.06,4.1724845996,0,2.9568788501,0,"NON CR/PD",1
"PID121","SID121","TRT",49,73.48,0,"F",550.496960952424,"Western Europe",2,"Wild Type",240.52,6.9650924025,0,6.932238193,0,"SD",1
"PID122","SID122","TRT",52,52.7,1,"F",549.77512528457,"USA",NA,NA,200.85,5.3880903491,0,4.4024640657,0,"PR",0
"PID123","SID123","TRT",64,73.5,2,"F",548.882856834668,"USA",2,"Wild Type",11.24,6.3080082136,0,5.3880903491,0,"SD",1
"PID124","SID124","TRT",59,48,2,"F",549.605005396686,"Other",2,NA,448.82,6.2422997947,0,5.9137577002,0,"SD",0
"PID125","SID125","TRT",54,98.4,0,"F",551.549830342236,"Other",NA,NA,NA,1.6427104723,0,1.4127310062,1,"PD",0
"PID126","SID126","TRT",55,70.6,1,"M",549.256485520201,"Other",3,"Mutant",61.82,5.2238193018,0,5.2238193018,0,"SD",1
"PID127","SID127","CTRL",48,70,0,"M",547.66828788227,"Other",NA,NA,481.04,3.5482546201,0,2.6283367556,0,"SD",0
"PID128","SID128","TRT",33,48,0,"M",550.812245442209,"Other",3,"Wild Type",74.54,5.8151950719,0,5.6180698152,0,"SD",1
"PID129","SID129","TRT",36,49,1,"M",549.498689342799,"Western Europe",NA,"Wild Type",292.04,9.3963039014,0,7.3264887064,1,"SD",0
"PID130","SID130","TRT",49,65,0,"M",549.489113434048,"Western Europe",NA,"Wild Type",72.5,3.5811088296,0,2.7597535934,0,"SD",0
"PID131","SID131","TRT",52,56,0,"F",550.496960952424,"Other",1,"Mutant",6.02,7.8521560575,1,5.453798768,1,"PR",1
"PID132","SID132","TRT",56,74.5,0,"F",549.77512528457,"Other",NA,NA,64.45,2.4969199179,0,2.3983572895,1,"SD",0
"PID133","SID133","TRT",35,107,0,"M",548.882856834668,"Other",1,"Wild Type",97.01,3.6468172485,0,2.726899384,1,"PD",1
"PID134","SID134","CTRL",59,49,0,"F",549.605005396686,"Other",3,"Mutant",63.12,2.2012320329,0,1.7412731006,1,"PD",1
"PID135","SID135","CTRL",52,54.4,0,"F",551.549830342236,"USA",2,"Wild Type",170.07,4.8295687885,0,4.1396303901,0,"PR",1
"PID136","SID136","TRT",54,79.1,1,"F",549.256485520201,"Other",NA,NA,59.3,4.9938398357,0,4.3696098563,0,"PR",0
"PID137","SID137","TRT",59,64,1,"M",547.66828788227,"Western Europe",NA,NA,45.57,7.8850102669,0,2.7926078029,1,"PD",0
"PID138","SID138","TRT",46,64.4,1,"M",550.812245442209,"Western Europe",NA,NA,32.45,11.531827515,0,9.9876796715,1,"PR",0
"PID139","SID139","CTRL",56,57.7,0,"M",549.498689342799,"Western Europe",NA,NA,207.94,2.8911704312,0,2.6283367556,0,"PR",0
"PID140","SID140","CTRL",44,86.9,0,"F",549.489113434048,"USA",3,"Wild Type",652.58,6.2422997947,0,5.7823408624,0,"NON CR/PD",1
"PID141","SID141","TRT",63,65,1,"M",550.496960952424,"USA",2,"Wild Type",30.27,4.2710472279,0,1.4127310062,1,"PD",1
"PID142","SID142","TRT",62,78,0,"F",549.77512528457,"Other",NA,NA,82.14,5.9137577002,0,5.8151950719,1,"SD",0
"PID143","SID143","TRT",44,74.8,1,"F",548.882856834668,"Other",3,"Mutant",131.6,3.8767967146,0,2.8583162218,0,"NON CR/PD",1
"PID144","SID144","CTRL",44,137.5,0,"F",549.605005396686,"Other",NA,NA,36.25,3.9425051335,0,3.2525667351,1,"SD",0
"PID145","SID145","TRT",60,57.5,1,"M",551.549830342236,"Western Europe",2,"Mutant",89.88,5.8151950719,0,5.5852156057,1,"SD",1
"PID146","SID146","TRT",53,60,0,"F",549.256485520201,"Western Europe",1,"Wild Type",51.98,4.3039014374,0,4.205338809,1,"SD",1
"PID147","SID147","CTRL",47,54,1,"F",547.66828788227,"Other",1,"Wild Type",21.56,4.5338809035,0,4.5338809035,1,"SD",1
"PID148","SID148","TRT",43,55.2,1,"M",550.812245442209,"Western Europe",1,"Wild Type",10.13,3.4825462012,0,2.7926078029,0,"PR",1
"PID149","SID149","TRT",47,74.4,0,"F",549.498689342799,"Other",NA,NA,319.57,11.334702259,1,5.3223819302,1,"PR",0
"PID150","SID150","CTRL",46,64.2,0,"M",549.489113434048,"Western Europe",3,"Wild Type",NA,3.8110882957,0,1.5112936345,1,"PD",0
"PID151","SID151","CTRL",52,99,0,"F",550.496960952424,"Other",1,"Wild Type",9541.5,7.227926078,0,2.6283367556,1,"PD",1
"PID152","SID152","TRT",38,85.4,0,"F",549.77512528457,"Other",NA,NA,28.05,7.8850102669,1,1.3798767967,1,"PD",0
"PID153","SID153","TRT",53,68,0,"F",548.882856834668,"USA",NA,NA,NA,2.0041067762,1,1.7741273101,1,"SD",0
"PID154","SID154","CTRL",51,72.7,1,"F",549.605005396686,"Western Europe",2,"Mutant",200.85,9.6262833676,0,5.749486653,1,"PR",1
"PID155","SID155","TRT",68,61.3,2,"F",551.549830342236,"USA",3,"Wild Type",NA,12.517453799,0,11.8275154,1,"PR",0
"PID156","SID156","TRT",54,64.2,1,"M",549.256485520201,"Other",NA,NA,NA,3.1211498973,0,2.6283367556,1,"PD",0
"PID157","SID157","TRT",58,59,1,"M",547.66828788227,"Western Europe",3,"Wild Type",191.34,7.227926078,0,6.932238193,0,"PR",1
"PID158","SID158","CTRL",47,84,1,"F",550.812245442209,"Other",NA,NA,21.86,3.7453798768,0,2.7926078029,1,"SD",0
"PID159","SID159","TRT",46,70.1,1,"F",549.498689342799,"Other",NA,NA,45.57,3.8110882957,0,3.3839835729,0,"PR",0
"PID160","SID160","CTRL",56,112.9,1,"F",549.489113434048,"Other",NA,NA,NA,1.0513347023,1,1.0513347023,1,"",0
"PID161","SID161","TRT",51,65,1,"F",550.496960952424,"Western Europe",3,"Wild Type",427.57,4.8624229979,0,4.1724845996,0,"SD",1
"PID162","SID162","TRT",59,58,1,"M",549.77512528457,"Western Europe",1,"Mutant",58.49,4.5338809035,0,4.0739219713,1,"SD",1
"PID163","SID163","TRT",47,63,1,"M",548.882856834668,"Western Europe",NA,NA,NA,13.864476386,0,12.484599589,0,"CR",0
"PID164","SID164","TRT",42,48.9,0,"F",549.605005396686,"Western Europe",NA,"Wild Type",123.64,11.301848049,0,2.8911704312,1,"PD",0
"PID165","SID165","TRT",50,51.8,1,"M",551.549830342236,"Western Europe",3,"Wild Type",72.5,6.636550308,0,5.5852156057,0,"SD",1
"PID166","SID166","TRT",37,68,1,"M",549.256485520201,"USA",2,"Mutant",298.17,3.1211498973,0,3.1211498973,0,"SD",1
"PID167","SID167","TRT",37,59,1,"M",547.66828788227,"Other",1,"Wild Type",9,6.8336755647,0,6.8008213552,1,"PR",1
"PID168","SID168","CTRL",77,66.8,1,"M",550.812245442209,"USA",2,"Mutant",NA,8.2135523614,0,1.5441478439,1,"PD",0
"PID169","SID169","TRT",61,89.5,2,"M",549.498689342799,"USA",3,"Wild Type",27.86,9.659137577,0,1.3798767967,1,"PD",1
"PID170","SID170","TRT",67,98,0,"F",549.489113434048,"USA",2,"Mutant",105.42,4.9938398357,0,2.9897330595,1,"SD",1
"PID171","SID171","TRT",68,65.4,1,"M",550.496960952424,"Western Europe",NA,NA,250.73,8.6406570842,0,8.5092402464,0,"PR",0
"PID172","SID172","CTRL",44,49.8,1,"F",549.77512528457,"Western Europe",NA,NA,88.03,6.5708418891,0,1.3798767967,1,"PD",0
"PID173","SID173","CTRL",49,101,1,"F",548.882856834668,"Western Europe",3,"Wild Type",315.17,9.1663244353,0,5.5852156057,1,"NON CR/PD",1
"PID174","SID174","TRT",44,54,0,"F",549.605005396686,"Western Europe",1,"Mutant",160.9,7.227926078,0,2.8254620123,1,"SD",1
"PID175","SID175","TRT",43,64,0,"M",551.549830342236,"Other",3,"Wild Type",NA,4.7638603696,1,2.2340862423,1,"PD",0
"PID176","SID176","CTRL",68,85.7,0,"F",549.256485520201,"Western Europe",1,"Mutant",NA,3.4496919918,1,1.1498973306,1,"PD",0
"PID177","SID177","TRT",61,71.5,0,"M",547.66828788227,"USA",3,"Wild Type",173.65,5.749486653,0,5.5852156057,0,"PR",1
"PID178","SID178","TRT",42,46.5,1,"F",550.812245442209,"USA",2,"Wild Type",113.77,9.5277207392,0,8.3449691992,1,"NON CR/PD",1
"PID179","SID179","TRT",65,65,1,"M",549.498689342799,"Other",NA,NA,41.64,1.4127310062,0,1.4127310062,1,"PD",0
"PID180","SID180","TRT",49,89.3,1,"M",549.489113434048,"USA",2,"Wild Type",174.85,6.2094455852,0,2.7597535934,1,"PD",1
"PID181","SID181","TRT",44,77.1,0,"F",550.496960952424,"USA",2,"Mutant",117.78,4.1724845996,0,4.1724845996,1,"SD",1
"PID182","SID182","CTRL",58,63.2,1,"F",549.77512528457,"Western Europe",1,"Wild Type",25.99,4.1724845996,1,1.2484599589,1,"PD",1
"PID183","SID183","CTRL",51,45.9,0,"F",548.882856834668,"Western Europe",NA,"Wild Type",68.59,5.3552361396,0,4.4681724846,1,"NON CR/PD",0
"PID184","SID184","TRT",61,56,0,"M",549.605005396686,"Other",3,NA,NA,0.4599589322,1,0.2628336756,1,"PD",0
"PID185","SID185","TRT",65,53,0,"F",551.549830342236,"Western Europe",3,"Wild Type",33.82,7.3593429158,0,6.9650924025,0,"CR",1
"PID186","SID186","TRT",53,74.2,1,"M",549.256485520201,"Other",1,NA,NA,7.9507186858,0,6.7679671458,0,"NON CR/PD",0
"PID187","SID187","CTRL",42,63,0,"M",547.66828788227,"Other",3,"Mutant",12.55,4.1396303901,0,4.1396303901,1,"SD",1
"PID188","SID188","CTRL",69,49,1,"F",550.812245442209,"USA",NA,"Wild Type",60.55,4.1724845996,0,2.7597535934,1,"NON CR/PD",0
"PID189","SID189","TRT",56,53.5,2,"M",549.498689342799,"Western Europe",3,"Wild Type",10.06,4.501026694,0,1.18275154,1,"PD",1
"PID190","SID190","CTRL",38,62,0,"M",549.489113434048,"USA",NA,NA,NA,0.9199178645,0,0.0328542094,0,"",0
"PID191","SID191","TRT",89,53.97,0,"M",550.496960952424,"Other",2,"Mutant",259.57,6.6036960986,0,5.5523613963,0,"PR",1
"PID192","SID192","CTRL",58,111,1,"F",549.77512528457,"Western Europe",1,"Mutant",89.88,9.363449692,1,3.5811088296,1,"PR",1
"PID193","SID193","TRT",49,57,1,"F",548.882856834668,"Other",NA,NA,3.48,6.0123203285,0,2.8254620123,1,"NON CR/PD",0
"PID194","SID194","TRT",55,59,1,"M",549.605005396686,"Western Europe",1,"Mutant",69.07,12.484599589,0,12.484599589,0,"CR",1
"PID195","SID195","TRT",69,65,0,"M",551.549830342236,"Other",2,"Wild Type",12.3,6.636550308,0,5.7166324435,1,"SD",1
"PID196","SID196","CTRL",58,69.9,1,"M",549.256485520201,"USA",1,"Wild Type",7.46,5.0595482546,0,4.0082135524,0,"SD",1
"PID197","SID197","TRT",56,57,2,"M",547.66828788227,"Other",NA,NA,250.73,6.5051334702,0,5.6509240246,0,"PR",0
"PID198","SID198","TRT",45,98.8,1,"F",550.812245442209,"Western Europe",3,"Wild Type",467.88,6.2751540041,0,5.3880903491,0,"SD",1
"PID199","SID199","CTRL",42,79.2,0,"M",549.498689342799,"USA",2,"Mutant",9.25,6.5708418891,0,5.5523613963,0,"SD",1
"PID200","SID200","TRT",49,56.5,0,"F",549.489113434048,"USA",1,"Wild Type",19.56,7.227926078,1,1.7741273101,1,"PD",1
"PID201","SID201","TRT",50,60,1,"M",550.496960952424,"Other",3,"Wild Type",315.17,8.4435318275,0,5.5523613963,1,"PR",1
"PID202","SID202","TRT",46,116,0,"F",549.77512528457,"Other",1,NA,418.77,6.0780287474,0,2.8254620123,1,"SD",0
"PID203","SID203","TRT",60,108.1,0,"F",548.882856834668,"Western Europe",3,"Wild Type",23.26,4.4681724846,0,4.2381930185,0,"SD",1
"PID204","SID204","TRT",60,60,2,"M",549.605005396686,"Western Europe",NA,NA,238.86,5.9137577002,0,5.4866529774,0,"SD",0
"PID205","SID205","CTRL",61,67.6,0,"M",551.549830342236,"Other",3,"Mutant",117.78,3.8110882957,0,2.5954825462,0,"SD",1
"PID206","SID206","TRT",60,90.2,0,"M",549.256485520201,"Western Europe",NA,"Wild Type",232.32,9.2648870637,0,2.7926078029,1,"PD",0
"PID207","SID207","TRT",62,75.8,0,"M",547.66828788227,"USA",NA,NA,NA,6.9650924025,0,6.7679671458,0,"NON CR/PD",0
"PID208","SID208","TRT",44,46,0,"M",550.812245442209,"Other",3,"Wild Type",296.11,1.6098562628,0,1.3141683778,1,"PD",1
"PID209","SID209","TRT",40,85,0,"F",549.498689342799,"Western Europe",NA,"Wild Type",61.82,1.4784394251,0,1.0513347023,1,"PD",0
"PID210","SID210","TRT",64,80,1,"M",549.489113434048,"Other",3,"Mutant",27.47,7.6221765914,0,6.5708418891,1,"SD",1
"PID211","SID211","CTRL",38,53,0,"F",550.496960952424,"USA",3,"Wild Type",3.01,6.4722792608,0,5.6509240246,1,"NON CR/PD",1
"PID212","SID212","CTRL",48,70,0,"M",549.77512528457,"Western Europe",3,NA,221.32,11.26899384,0,3.5811088296,1,"SD",0
"PID213","SID213","TRT",60,70.62,1,"F",548.882856834668,"USA",2,"Mutant",11.39,8.5092402464,1,4.1067761807,1,"PR",1
"PID214","SID214","TRT",42,58.8,1,"M",549.605005396686,"Western Europe",1,"Wild Type",14.62,5.0595482546,0,1.2156057495,1,"PD",1
"PID215","SID215","CTRL",40,73,0,"M",551.549830342236,"Western Europe",3,"Mutant",NA,14.882956879,1,1.4127310062,1,"PD",0
"PID216","SID216","TRT",64,37.3,0,"M",549.256485520201,"Other",NA,NA,12.04,2.2340862423,0,1.6098562628,1,"PD",0
"PID217","SID217","TRT",62,96,1,"F",547.66828788227,"Other",3,"Wild Type",NA,4.7967145791,0,4.0739219713,0,"NON CR/PD",0
"PID218","SID218","TRT",44,57,1,"F",550.812245442209,"Western Europe",3,"Wild Type",101.13,6.045174538,0,2.3655030801,1,"PD",1
"PID219","SID219","TRT",50,81.2,1,"F",549.498689342799,"Other",1,"Wild Type",12.04,9.0349075975,0,8.3121149897,0,"PR",1
"PID220","SID220","CTRL",46,97.1,1,"F",549.489113434048,"USA",NA,NA,122.79,0.0328542094,0,0.0328542094,0,"",0
"PID221","SID221","TRT",65,69.7,1,"M",550.496960952424,"Other",NA,NA,73.52,8.2464065708,0,6.8008213552,0,"PR",0
"PID222","SID222","TRT",56,65,0,"F",549.77512528457,"Other",NA,NA,233.94,3.7125256674,0,2.8583162218,0,"SD",0
"PID223","SID223","TRT",53,64.6,0,"M",548.882856834668,"Western Europe",3,"Wild Type",43.41,11.26899384,0,6.6694045175,1,"PR",1
"PID224","SID224","TRT",40,60,0,"F",549.605005396686,"Western Europe",2,"Mutant",4.89,7.6550308008,1,1.4127310062,1,"PD",1
"PID225","SID225","TRT",61,54,1,"F",551.549830342236,"Western Europe",3,"Wild Type",209.38,4.2381930185,0,4.205338809,0,"NON CR/PD",1
"PID226","SID226","CTRL",75,75.5,1,"M",549.256485520201,"USA",1,"Wild Type",95.01,4.7310061602,1,2.6283367556,1,"PD",1
"PID227","SID227","TRT",44,72,1,"M",547.66828788227,"USA",1,"Wild Type",128,6.4065708419,0,5.5852156057,0,"SD",1
"PID228","SID228","TRT",43,100,1,"F",550.812245442209,"Other",2,"Wild Type",143.01,4.7638603696,0,4.205338809,0,"SD",1
"PID229","SID229","CTRL",75,76,1,"M",549.498689342799,"Western Europe",2,"Wild Type",200.85,3.3511293634,1,1.1170431211,1,"PD",1
"PID230","SID230","CTRL",50,75.6,1,"F",549.489113434048,"Western Europe",NA,NA,310.83,0.1314168378,0,0.0328542094,0,"",0
"PID231","SID231","TRT",69,63,2,"F",550.496960952424,"Western Europe",3,"Wild Type",20.53,15.178644764,0,6.5708418891,1,"CR",1
"PID232","SID232","CTRL",40,72.8,1,"F",549.77512528457,"Other",NA,NA,64.45,3.8439425051,1,2.4969199179,1,"SD",0
"PID233","SID233","CTRL",61,59,1,"F",548.882856834668,"Western Europe",3,NA,126.24,9.6919917864,0,2.726899384,1,"PD",0
"PID234","SID234","CTRL",48,57,1,"M",549.605005396686,"USA",NA,NA,42.52,9.0349075975,1,9.0349075975,1,"",0
"PID235","SID235","TRT",76,75,1,"F",551.549830342236,"Western Europe",3,"Mutant",36.25,3.5154004107,0,1.5770020534,0,"SD",1
"PID236","SID236","TRT",47,64,0,"M",549.256485520201,"USA",3,"Wild Type",1.42,9.4620123203,0,6.5379876797,1,"SD",1
"PID237","SID237","TRT",47,79,0,"F",547.66828788227,"Western Europe",1,"Mutant",56.89,10.381930185,0,9.5277207392,0,"NON CR/PD",1
"PID238","SID238","TRT",54,51.3,0,"M",550.812245442209,"USA",NA,NA,65.8,6.8008213552,0,6.8008213552,1,"SD",0
"PID239","SID239","TRT",42,62,1,"M",549.498689342799,"Western Europe",2,"Mutant",46.85,11.400410678,0,11.367556468,0,"SD",1
"PID240","SID240","CTRL",82,44.3,1,"M",549.489113434048,"Western Europe",NA,NA,22.78,8.0164271047,0,1.4455852156,1,"PD",0
"PID241","SID241","CTRL",51,51.3,1,"M",550.496960952424,"Other",NA,NA,98.36,1.0513347023,0,0.0328542094,0,"",0
"PID242","SID242","CTRL",49,67.5,0,"M",549.77512528457,"Western Europe",NA,NA,10.78,1.6427104723,1,1.4127310062,1,"PD",0
"PID243","SID243","TRT",36,58.2,1,"F",548.882856834668,"Other",1,NA,NA,5.3880903491,0,4.8952772074,0,"NON CR/PD",0
"PID244","SID244","TRT",58,56.6,1,"M",549.605005396686,"Other",NA,NA,20.25,11.26899384,0,5.4866529774,1,"PR",0
"PID245","SID245","CTRL",46,68,0,"F",551.549830342236,"USA",1,"Wild Type",NA,10.940451745,0,5.453798768,0,"SD",0
"PID246","SID246","CTRL",64,68.63,1,"F",549.256485520201,"Other",1,"Wild Type",47.18,4.9281314168,0,4.1396303901,1,"PR",1
"PID247","SID247","TRT",48,62,0,"M",547.66828788227,"Other",NA,"Mutant",74.54,3.909650924,0,2.8911704312,0,"SD",0
"PID248","SID248","CTRL",63,61.8,1,"F",550.812245442209,"Other",1,"Wild Type",357.05,4.9938398357,1,0.1971252567,1,"PD",1
"PID249","SID249","TRT",58,61,1,"F",549.498689342799,"Western Europe",1,"Wild Type",317.37,11.039014374,0,5.4866529774,1,"SD",1
"PID250","SID250","CTRL",55,51.8,0,"M",549.489113434048,"USA",NA,NA,259.57,10.743326489,0,5.6837782341,1,"SD",0
"PID251","SID251","TRT",49,49.95,1,"F",550.496960952424,"Western Europe",NA,NA,18.64,10.513347023,1,1.839835729,1,"PD",0
"PID252","SID252","CTRL",50,60.5,1,"M",549.77512528457,"USA",1,"Mutant",91.77,6.5379876797,0,1.2484599589,1,"PD",1
"PID253","SID253","TRT",50,71,0,"F",548.882856834668,"Other",NA,"Wild Type",15.89,4.1724845996,0,4.0410677618,1,"SD",0
"PID254","SID254","TRT",45,52.5,1,"F",549.605005396686,"USA",2,"Wild Type",212.31,7.0308008214,0,5.7823408624,1,"SD",1
"PID255","SID255","TRT",59,86.1,0,"M",551.549830342236,"USA",3,"Wild Type",65.34,3.0882956879,0,2.6283367556,1,"SD",1
"PID256","SID256","TRT",66,55.07,1,"F",549.256485520201,"Western Europe",2,"Wild Type",92.41,12.320328542,0,2.7926078029,1,"NON CR/PD",1
"PID257","SID257","CTRL",41,93.49,1,"M",547.66828788227,"Other",2,"Mutant",16.45,10.480492813,0,1.3141683778,1,"PD",1
"PID258","SID258","CTRL",32,107.14,0,"F",550.812245442209,"Western Europe",1,"Wild Type",385.34,8.3449691992,0,8.2792607803,0,"PR",1
"PID259","SID259","CTRL",56,73,1,"M",549.498689342799,"Western Europe",NA,NA,156.5,6.3737166324,0,1.4455852156,1,"PD",0
"PID260","SID260","CTRL",55,93.6,1,"M",549.489113434048,"USA",1,"Wild Type",10.13,3.1211498973,0,2.8911704312,1,"SD",1
"PID261","SID261","TRT",81,70.7,1,"M",550.496960952424,"USA",1,"Wild Type",165.42,9.3305954825,0,4.1724845996,1,"SD",1
"PID262","SID262","CTRL",64,109.5,1,"M",549.77512528457,"Other",3,"Mutant",NA,9.1663244353,0,5.7823408624,1,"SD",0
"PID263","SID263","TRT",45,61.7,1,"M",548.882856834668,"Other",NA,NA,6.68,7.7864476386,1,3.3511293634,1,"SD",0
"PID264","SID264","TRT",56,58,0,"F",549.605005396686,"Western Europe",NA,NA,40.22,11.696098563,0,11.006160164,0,"PR",0
"PID265","SID265","CTRL",66,58,1,"M",551.549830342236,"Western Europe",2,"Wild Type",32.9,3.4825462012,0,2.6611909651,0,"SD",1
"PID266","SID266","CTRL",45,113,0,"F",549.256485520201,"Other",NA,NA,51.98,8.2792607803,0,8.1149897331,0,"SD",0
"PID267","SID267","TRT",40,61.1,1,"F",547.66828788227,"Other",1,"Wild Type",NA,7.1622176591,1,1.2484599589,1,"PD",0
"PID268","SID268","CTRL",39,71,1,"F",550.812245442209,"USA",NA,NA,NA,0.0328542094,0,0.0328542094,0,"",0
"PID269","SID269","TRT",37,77,1,"M",549.498689342799,"Western Europe",1,NA,173.65,13.831622177,0,12.550308008,0,"NON CR/PD",0
"PID270","SID270","CTRL",52,45.8,2,"F",549.489113434048,"USA",NA,NA,NA,5.7823408624,1,1.3470225873,1,"PD",0
"PID271","SID271","TRT",46,79,0,"M",550.496960952424,"Other",1,"Mutant",23.26,3.0554414784,0,2.9240246407,0,"SD",1
"PID272","SID272","CTRL",68,69,1,"F",549.77512528457,"Other",NA,NA,NA,4.3039014374,1,2.3326488706,1,"SD",0
"PID273","SID273","TRT",47,64,0,"F",548.882856834668,"Other",NA,NA,17.51,2.8254620123,0,2.7926078029,0,"SD",0
"PID274","SID274","CTRL",44,40,0,"F",549.605005396686,"Other",NA,NA,61.82,7.4579055441,0,6.7679671458,1,"SD",0
"PID275","SID275","TRT",55,69.5,1,"F",551.549830342236,"Other",NA,NA,286.03,3.8110882957,0,2.6940451745,0,"NON CR/PD",0
"PID276","SID276","TRT",71,56.7,1,"M",549.256485520201,"Other",NA,NA,2.46,3.6468172485,0,2.6940451745,1,"PD",0
"PID277","SID277","TRT",55,64.9,0,"M",547.66828788227,"Western Europe",NA,"Wild Type",51.63,8.3449691992,0,8.3121149897,0,"SD",0
"PID278","SID278","TRT",54,81,2,"M",550.812245442209,"USA",1,"Mutant",28.64,12.386036961,1,6.0123203285,1,"SD",1
"PID279","SID279","TRT",45,62,0,"M",549.498689342799,"USA",1,"Wild Type",108.38,5.9137577002,0,5.7823408624,1,"SD",1
"PID280","SID280","TRT",44,45.5,1,"F",549.489113434048,"USA",NA,NA,76.64,5.2238193018,0,4.1724845996,0,"SD",0
"PID281","SID281","TRT",53,58.4,0,"F",550.496960952424,"Western Europe",NA,NA,71.01,5.6509240246,0,5.5523613963,0,"SD",0
"PID282","SID282","CTRL",52,54,1,"F",549.77512528457,"Western Europe",2,"Mutant",132.51,6.636550308,1,1.4127310062,1,"PD",1
"PID283","SID283","TRT",50,81,0,"F",548.882856834668,"Western Europe",NA,NA,270.6,13.141683778,1,8.180698152,1,"PR",0
"PID284","SID284","TRT",60,50.4,1,"F",549.605005396686,"Other",NA,NA,NA,8.6078028747,0,7.5564681725,0,"SD",0
"PID285","SID285","TRT",50,66,1,"M",551.549830342236,"Other",NA,NA,148.06,6.932238193,0,4.4353182752,1,"SD",0
"PID286","SID286","TRT",69,85.5,1,"F",549.256485520201,"Western Europe",2,"Mutant",252.48,14.850102669,0,8.4106776181,1,"SD",1
"PID287","SID287","CTRL",50,54.6,0,"M",547.66828788227,"Other",NA,NA,NA,4.6981519507,1,1.2484599589,1,"PD",0
"PID288","SID288","TRT",34,56,0,"F",550.812245442209,"Western Europe",2,"Mutant",12.64,11.170431211,0,7.1293634497,1,"SD",1
"PID289","SID289","CTRL",64,55,0,"F",549.498689342799,"Other",NA,NA,28.25,3.1540041068,1,2.8254620123,1,"SD",0
"PID290","SID290","CTRL",42,66,0,"F",549.489113434048,"Other",NA,NA,69.07,3.022587269,0,2.9568788501,0,"NON CR/PD",0
"PID291","SID291","TRT",49,60,0,"F",550.496960952424,"Other",1,NA,NA,4.4353182752,1,2.6283367556,1,"PD",0
"PID292","SID292","TRT",41,106.6,1,"M",549.77512528457,"USA",NA,"Wild Type",56.89,4.1724845996,0,4.1724845996,0,"SD",0
"PID293","SID293","CTRL",58,68.4,1,"M",548.882856834668,"Other",NA,NA,39.12,1.0841889117,0,0.7227926078,1,"PD",0
"PID294","SID294","CTRL",57,76,0,"M",549.605005396686,"USA",3,"Mutant",16.45,4.5338809035,0,1.3798767967,1,"PD",1
"PID295","SID295","TRT",78,72.5,1,"M",551.549830342236,"USA",NA,"Wild Type",NA,7.2936344969,0,7.1293634497,0,"NON CR/PD",0
"PID296","SID296","CTRL",28,59,0,"M",549.256485520201,"Western Europe",NA,NA,NA,7.523613963,0,6.8665297741,1,"SD",0
"PID297","SID297","TRT",62,60,1,"M",547.66828788227,"Other",NA,NA,121.1,4.8624229979,0,1.18275154,1,"PD",0
"PID298","SID298","TRT",70,62,1,"F",550.812245442209,"Western Europe",1,"Wild Type",17.75,4.1724845996,0,4.1724845996,1,"SD",1
"PID299","SID299","TRT",57,57,0,"F",549.498689342799,"USA",1,"Wild Type",17.03,3.9753593429,0,1.18275154,1,"PD",1
"PID300","SID300","TRT",42,60.65,1,"M",549.489113434048,"Western Europe",NA,NA,288.02,6.1437371663,0,5.2895277207,0,"NON CR/PD",0
"PID301","SID301","CTRL",37,61.4,0,"F",550.496960952424,"Western Europe",3,"Wild Type",32,9.0020533881,0,2.1683778234,1,"SD",1
"PID302","SID302","CTRL",45,60,2,"F",549.77512528457,"Other",1,"Mutant",596.34,3.4825462012,1,2.7597535934,1,"PD",1
"PID303","SID303","CTRL",60,56.5,1,"M",548.882856834668,"Western Europe",1,"Wild Type",164.28,5.2895277207,0,4.6324435318,1,"NON CR/PD",1
"PID304","SID304","TRT",65,50.1,1,"F",549.605005396686,"Western Europe",1,"Wild Type",37.01,6.9979466119,0,6.9979466119,1,"SD",1
"PID305","SID305","CTRL",41,51,1,"M",551.549830342236,"Other",NA,"Wild Type",451.94,9.5934291581,0,9.5934291581,0,"NON CR/PD",0
"PID306","SID306","CTRL",54,60.9,1,"M",549.256485520201,"Other",2,"Mutant",NA,0.0328542094,0,0.0328542094,0,"",0
"PID307","SID307","CTRL",62,54,0,"M",547.66828788227,"Western Europe",2,"Mutant",34.3,14.521560575,0,8.5420944559,1,"SD",1
"PID308","SID308","CTRL",53,73.94,1,"F",550.812245442209,"Western Europe",1,"Wild Type",254.23,4.3039014374,0,3.0554414784,0,"SD",1
"PID309","SID309","TRT",61,52,0,"M",549.498689342799,"Other",NA,NA,NA,4.4024640657,0,2.7926078029,0,"SD",0
"PID310","SID310","TRT",57,49,1,"M",549.489113434048,"Other",NA,"Wild Type",NA,5.6837782341,0,5.4866529774,0,"PR",0
"PID311","SID311","TRT",50,77.2,1,"M",550.496960952424,"Western Europe",NA,"Wild Type",4.47,5.0266940452,1,3.909650924,1,"SD",0
"PID312","SID312","TRT",42,52,2,"M",549.77512528457,"USA",NA,"Wild Type",74.54,9.4948665298,1,7.1622176591,1,"PR",0
"PID313","SID313","TRT",55,67,1,"F",548.882856834668,"USA",NA,NA,885.29,8.3121149897,0,8.180698152,0,"PR",0
"PID314","SID314","CTRL",42,77,0,"M",549.605005396686,"Western Europe",2,"Wild Type",229.13,14.981519507,0,11.104722793,1,"SD",1
"PID315","SID315","CTRL",57,49,0,"M",551.549830342236,"Other",1,"Wild Type",396.18,10.64476386,0,3.022587269,1,"PD",1
"PID316","SID316","TRT",57,55,1,"M",549.256485520201,"Western Europe",2,"Wild Type",NA,4.4353182752,1,4.4353182752,1,"SD",0
"PID317","SID317","TRT",58,58,0,"M",547.66828788227,"Other",NA,NA,19.7,10.611909651,0,4.0410677618,1,"SD",0
"PID318","SID318","TRT",42,121,0,"F",550.812245442209,"Other",NA,NA,NA,3.6796714579,0,3.5482546201,1,"PR",0
"PID319","SID319","TRT",56,55.2,2,"F",549.498689342799,"Other",2,"Wild Type",110.66,5.8151950719,0,5.5195071869,0,"SD",1
"PID320","SID320","CTRL",85,72.6,1,"M",549.489113434048,"Western Europe",3,"Wild Type",340.14,11.26899384,1,7.2936344969,1,"SD",1
"PID321","SID321","CTRL",59,91,1,"M",550.496960952424,"USA",1,"Wild Type",5.9,5.8151950719,1,1.7741273101,1,"PD",1
"PID322","SID322","TRT",68,57.7,0,"F",549.77512528457,"Western Europe",3,"Mutant",48.84,3.2525667351,0,1.6755646817,0,"NON CR/PD",1
"PID323","SID323","CTRL",45,94,1,"F",548.882856834668,"Western Europe",3,"Wild Type",20.82,3.6468172485,0,2.8583162218,0,"SD",1
"PID324","SID324","CTRL",67,62,0,"M",549.605005396686,"USA",NA,NA,6.15,6.4065708419,0,3.8767967146,1,"SD",0
"PID325","SID325","CTRL",57,70,0,"M",551.549830342236,"Western Europe",3,"Wild Type",48.17,5.0266940452,0,5.0266940452,1,"SD",1
"PID326","SID326","TRT",49,60.5,1,"M",549.256485520201,"Other",NA,"Wild Type",16.11,8.476386037,0,5.4209445585,1,"NON CR/PD",0
"PID327","SID327","TRT",47,66.7,0,"M",547.66828788227,"Western Europe",2,"Mutant",213.78,7.523613963,0,7.0636550308,0,"CR",1
"PID328","SID328","TRT",56,65,1,"M",550.812245442209,"USA",1,"Wild Type",6.19,4.4024640657,0,1.3798767967,1,"PD",1
"PID329","SID329","TRT",44,57.3,0,"F",549.498689342799,"Other",NA,NA,NA,5.8809034908,0,5.3223819302,0,"NON CR/PD",0
"PID330","SID330","TRT",53,63,0,"F",549.489113434048,"Other",NA,NA,69.55,10.809034908,0,1.4127310062,1,"PD",0
"PID331","SID331","TRT",34,49.9,1,"M",550.496960952424,"Western Europe",NA,NA,53.08,4.501026694,0,4.3367556468,0,"PR",0
"PID332","SID332","TRT",66,78,0,"F",549.77512528457,"Western Europe",1,"Mutant",91.77,1.6427104723,0,1.4127310062,1,"PD",1
"PID333","SID333","TRT",70,71,1,"F",548.882856834668,"Western Europe",1,"Wild Type",58.89,4.2710472279,0,4.1396303901,0,"NON CR/PD",1
"PID334","SID334","TRT",52,68.8,1,"F",549.605005396686,"Western Europe",NA,"Wild Type",126.24,12.090349076,0,11.203285421,0,"PR",0
"PID335","SID335","TRT",45,80.5,1,"M",551.549830342236,"Western Europe",NA,NA,15.03,4.8624229979,0,1.3141683778,1,"PD",0
"PID336","SID336","CTRL",61,77,1,"F",549.256485520201,"Other",NA,NA,NA,0.0328542094,0,0.0328542094,0,"",0
"PID337","SID337","TRT",54,74,1,"F",547.66828788227,"Western Europe",2,"Wild Type",10.56,9.1334702259,0,9.1334702259,1,"PR",1
"PID338","SID338","TRT",38,65.5,0,"F",550.812245442209,"USA",NA,NA,NA,8.1478439425,0,2.4969199179,1,"SD",0
"PID339","SID339","TRT",40,67.6,0,"F",549.498689342799,"Western Europe",1,"Wild Type",5.43,8.8049281314,0,5.3552361396,1,"PR",1
"PID340","SID340","CTRL",47,79.5,1,"M",549.489113434048,"USA",3,"Wild Type",12.55,0.9856262834,1,0.9856262834,1,"",1
"PID341","SID341","TRT",64,62.6,1,"M",550.496960952424,"Other",2,"Wild Type",36.76,7.1950718686,0,7.1622176591,0,"SD",1
"PID342","SID342","TRT",67,60,1,"M",549.77512528457,"Other",NA,NA,776.05,5.4866529774,1,5.0266940452,1,"PR",0
"PID343","SID343","CTRL",42,63,1,"M",548.882856834668,"Western Europe",NA,"Mutant",157.59,4.9281314168,0,3.2197125257,1,"NON CR/PD",0
"PID344","SID344","TRT",30,62.1,0,"M",549.605005396686,"Other",NA,NA,31.34,10.579055441,0,6.9979466119,1,"SD",0
"PID345","SID345","TRT",64,70,0,"M",551.549830342236,"Western Europe",3,NA,191.34,5.2238193018,0,4.1724845996,0,"SD",0
"PID346","SID346","CTRL",60,75,1,"M",549.256485520201,"Western Europe",1,"Mutant",13.27,12.320328542,1,12.320328542,1,"",1
"PID347","SID347","TRT",79,66.7,1,"F",547.66828788227,"Western Europe",NA,NA,32.9,5.8151950719,0,5.4866529774,0,"NON CR/PD",0
"PID348","SID348","TRT",66,49.5,0,"M",550.812245442209,"USA",3,"Wild Type",328.56,8.180698152,0,6.8993839836,0,"PR",1
"PID349","SID349","CTRL",64,62.5,1,"M",549.498689342799,"Other",NA,NA,42.81,4.205338809,0,4.1724845996,0,"SD",0
"PID350","SID350","TRT",47,69,0,"M",549.489113434048,"Western Europe",3,"Wild Type",192.67,9.954825462,0,8.5092402464,1,"SD",1
"PID351","SID351","CTRL",60,101,1,"F",550.496960952424,"Western Europe",2,"Mutant",10.7,1.9055441478,1,0.5256673511,1,"PD",1
"PID352","SID352","TRT",46,81,1,"F",549.77512528457,"Other",NA,NA,33.59,8.6078028747,0,8.3121149897,1,"SD",0
"PID353","SID353","TRT",49,62,0,"M",548.882856834668,"USA",2,"Wild Type",72,6.0123203285,0,5.5852156057,0,"PR",1
"PID354","SID354","CTRL",38,62.5,1,"M",549.605005396686,"Western Europe",1,"Wild Type",218.27,3.5154004107,1,2.7926078029,1,"PD",1
"PID355","SID355","TRT",63,45,1,"M",551.549830342236,"Western Europe",NA,NA,3.03,12.024640657,0,2.8911704312,1,"NON CR/PD",0
"PID356","SID356","TRT",55,58.1,1,"M",549.256485520201,"Western Europe",NA,NA,NA,8.5749486653,1,4.4353182752,1,"NON CR/PD",0
"PID357","SID357","CTRL",63,74,1,"M",547.66828788227,"Western Europe",NA,NA,9.51,5.8809034908,0,3.0554414784,1,"SD",0
"PID358","SID358","TRT",53,64,1,"M",550.812245442209,"Western Europe",2,"Wild Type",256,9.7248459959,0,9.6262833676,0,"SD",1
"PID359","SID359","TRT",52,132.1,1,"M",549.498689342799,"Western Europe",NA,NA,NA,7.819301848,1,4.9938398357,1,"SD",0
"PID360","SID360","CTRL",44,60,0,"M",549.489113434048,"Other",NA,"Wild Type",99.04,7.4907597536,0,4.9609856263,1,"SD",0
"PID361","SID361","CTRL",53,88,1,"F",550.496960952424,"Other",NA,NA,17.75,9.2977412731,0,8.2135523614,0,"SD",0
"PID362","SID362","TRT",62,61,0,"F",549.77512528457,"Western Europe",NA,NA,3.18,3.7782340862,0,3.0554414784,0,"PR",0
"PID363","SID363","TRT",42,56,1,"F",548.882856834668,"USA",NA,NA,2.87,5.3552361396,0,3.5482546201,0,"PR",0
"PID364","SID364","TRT",45,64.2,1,"M",549.605005396686,"Other",NA,NA,82.14,4.8952772074,0,4.205338809,0,"PR",0
"PID365","SID365","CTRL",52,71.3,0,"M",551.549830342236,"Other",NA,NA,72.5,4.4353182752,0,4.3039014374,0,"SD",0
"PID366","SID366","CTRL",63,62,0,"M",549.256485520201,"USA",2,"Wild Type",254.23,5.0595482546,0,1.9712525667,1,"PD",1
"PID367","SID367","TRT",57,56.6,0,"M",547.66828788227,"Other",1,"Wild Type",45.89,7.1622176591,0,7.0965092402,0,"SD",1
"PID368","SID368","TRT",42,61.6,1,"F",550.812245442209,"USA",3,"Wild Type",22.01,6.1108829569,0,5.5852156057,1,"SD",1
"PID369","SID369","TRT",54,54,0,"F",549.498689342799,"Western Europe",2,"Wild Type",NA,6.5708418891,1,4.0410677618,1,"SD",0
"PID370","SID370","TRT",40,65,0,"F",549.489113434048,"USA",2,NA,11.63,0.7227926078,1,0.7227926078,1,"PD",0
"PID371","SID371","CTRL",50,64,1,"M",550.496960952424,"Other",NA,NA,670.92,0.2628336756,0,0.0328542094,0,"",0
"PID372","SID372","TRT",73,54,1,"F",549.77512528457,"Other",NA,NA,43.71,11.137577002,0,11.137577002,0,"PR",0
"PID373","SID373","CTRL",35,50.5,0,"F",548.882856834668,"USA",2,"Wild Type",23.43,2.9568788501,1,1.6098562628,1,"PD",1
"PID374","SID374","CTRL",41,84,1,"M",549.605005396686,"Other",NA,NA,132.51,2.5626283368,1,1.9055441478,1,"PD",0
"PID375","SID375","CTRL",62,80,0,"F",551.549830342236,"Western Europe",1,"Wild Type",NA,11.498973306,1,1.3141683778,1,"PD",0
"PID376","SID376","TRT",44,65.2,1,"F",549.256485520201,"Other",2,"Wild Type",317.37,10.710472279,0,9.5934291581,0,"SD",1
"PID377","SID377","CTRL",58,86,1,"F",547.66828788227,"USA",2,"Wild Type",63.56,6.4065708419,0,2.9568788501,1,"SD",1
"PID378","SID378","TRT",75,57,1,"M",550.812245442209,"Western Europe",2,NA,5.46,0.9527720739,1,0.9527720739,1,"PD",0
"PID379","SID379","CTRL",47,49.7,2,"F",549.498689342799,"Other",NA,NA,233.94,3.613963039,0,2.9240246407,0,"PR",0
"PID380","SID380","CTRL",53,97.93,1,"M",549.489113434048,"Western Europe",2,"Mutant",68.59,8.7063655031,0,1.2484599589,1,"PD",1
"PID381","SID381","TRT",57,64.4,0,"F",550.496960952424,"Other",NA,NA,NA,3.7782340862,0,3.318275154,0,"SD",0
"PID382","SID382","TRT",49,54,0,"F",549.77512528457,"USA",2,"Mutant",2.43,9.9876796715,0,4.0739219713,1,"SD",1
"PID383","SID383","TRT",69,35,1,"M",548.882856834668,"Other",NA,NA,572.05,3.4825462012,0,2.7926078029,0,"PR",0
"PID384","SID384","TRT",48,70.9,1,"M",549.605005396686,"Western Europe",NA,NA,NA,4.8295687885,1,1.6427104723,1,"PD",0
"PID385","SID385","TRT",56,61,1,"F",551.549830342236,"Other",NA,NA,709.18,8.1478439425,0,7.819301848,1,"PR",0
"PID386","SID386","TRT",57,66,0,"F",549.256485520201,"Western Europe",2,"Mutant",8.82,12.123203285,0,11.203285421,0,"PR",1
"PID387","SID387","CTRL",46,56,1,"F",547.66828788227,"Western Europe",NA,NA,NA,10.841889117,0,2.9240246407,1,"PD",0
"PID388","SID388","CTRL",41,47.2,1,"M",550.812245442209,"Western Europe",1,"Wild Type",165.42,7.7864476386,1,3.4496919918,1,"SD",1
"PID389","SID389","TRT",77,57.5,0,"F",549.498689342799,"Other",2,"Wild Type",93.05,8.9363449692,0,2.1683778234,1,"SD",1
"PID390","SID390","TRT",64,56.7,1,"M",549.489113434048,"Western Europe",2,"Wild Type",308.69,2.8254620123,1,1.4127310062,1,"PD",1
"PID391","SID391","TRT",49,71,0,"M",550.496960952424,"Western Europe",NA,"Wild Type",NA,5.1252566735,0,3.4496919918,0,"SD",0
"PID392","SID392","TRT",49,78,0,"F",549.77512528457,"Other",2,"Wild Type",NA,7.6221765914,0,7.1293634497,0,"SD",0
"PID393","SID393","TRT",34,48.2,1,"M",548.882856834668,"Western Europe",3,"Wild Type",NA,2.7597535934,1,1.3798767967,1,"PD",0
"PID394","SID394","CTRL",43,68.3,1,"M",549.605005396686,"Western Europe",1,"Wild Type",51.98,5.7823408624,0,1.5441478439,1,"PD",1
"PID395","SID395","TRT",69,54,2,"M",551.549830342236,"USA",NA,NA,21.86,4.4024640657,0,1.2484599589,1,"PD",0
"PID396","SID396","CTRL",44,58.4,1,"M",549.256485520201,"Other",NA,NA,44.63,3.5811088296,0,2.7597535934,1,"SD",0
"PID397","SID397","TRT",78,76,2,"F",547.66828788227,"Other",3,"Wild Type",48.84,2.5626283368,0,1.4455852156,1,"PD",1
"PID398","SID398","TRT",64,51,0,"F",550.812245442209,"Western Europe",NA,"Wild Type",152.22,8.1149897331,1,4.1396303901,1,"SD",0
"PID399","SID399","TRT",61,47.6,2,"F",549.498689342799,"Other",NA,NA,21.11,12.320328542,0,5.3880903491,1,"SD",0
"PID400","SID400","TRT",68,53,0,"F",549.489113434048,"Other",NA,NA,164.28,7.7207392197,0,0.9856262834,1,"PD",0
"PID401","SID401","TRT",65,84.8,1,"M",550.496960952424,"Other",2,"Wild Type",739.29,12.977412731,0,12.517453799,1,"PR",1
"PID402","SID402","TRT",68,53,0,"M",549.77512528457,"Other",NA,NA,5.58,2.8254620123,1,1.5770020534,1,"PD",0
"PID403","SID403","TRT",53,55,1,"F",548.882856834668,"Western Europe",1,"Wild Type",7.41,3.4496919918,0,2.5297741273,0,"SD",1
"PID404","SID404","TRT",54,92.9,0,"F",549.605005396686,"USA",2,"Mutant",4.03,4.8624229979,0,1.3798767967,1,"PD",1
"PID405","SID405","CTRL",56,63.9,0,"F",551.549830342236,"Western Europe",2,"Mutant",57.28,12.41889117,0,5.7166324435,1,"NON CR/PD",1
"PID406","SID406","TRT",60,70,1,"M",549.256485520201,"Western Europe",3,"Wild Type",265.03,10.184804928,0,10.020533881,0,"NON CR/PD",1
"PID407","SID407","TRT",36,60,0,"F",547.66828788227,"USA",NA,NA,81.57,1.3798767967,1,1.3798767967,1,"PD",0
"PID408","SID408","TRT",65,73.5,1,"M",550.812245442209,"Western Europe",3,NA,1686.71,9.8891170431,0,9.7577002053,0,"CR",0
"PID409","SID409","CTRL",68,53.5,2,"M",549.498689342799,"Other",NA,NA,182.28,5.8809034908,0,5.5195071869,0,"NON CR/PD",0
"PID410","SID410","CTRL",53,68.6,1,"M",549.489113434048,"Western Europe",NA,NA,44.02,13.04312115,0,3.1540041068,1,"SD",0
"PID411","SID411","CTRL",42,103.5,0,"M",550.496960952424,"USA",NA,"Mutant",467.88,0.0328542094,0,0.0328542094,0,"",0
"PID412","SID412","TRT",49,46,1,"M",549.77512528457,"Other",2,"Mutant",100.43,1.5441478439,0,0.9856262834,1,"PD",1
"PID413","SID413","TRT",57,56,0,"M",548.882856834668,"USA",NA,"Wild Type",897.64,10.217659138,0,6.8008213552,1,"SD",0
"PID414","SID414","CTRL",50,60,0,"F",549.605005396686,"USA",2,"Mutant",28.25,6.8665297741,0,4.1067761807,1,"SD",1
"PID415","SID415","TRT",62,59.8,1,"M",551.549830342236,"Other",NA,NA,6.92,8.3121149897,0,2.5626283368,1,"PD",0
"PID416","SID416","TRT",36,73,0,"M",549.256485520201,"USA",1,"Mutant",15.03,7.1293634497,0,7.1293634497,0,"SD",1
"PID417","SID417","TRT",56,61,0,"M",547.66828788227,"Other",NA,NA,2.36,7.7207392197,0,6.9979466119,0,"PR",0
"PID418","SID418","CTRL",55,54.3,1,"F",550.812245442209,"Western Europe",NA,NA,224.41,0.1971252567,0,0.1971252567,1,"PD",0
"PID419","SID419","TRT",73,56.4,1,"F",549.498689342799,"USA",NA,NA,NA,2.9240246407,0,2.9240246407,1,"PD",0
"PID420","SID420","CTRL",48,53.5,0,"F",549.489113434048,"Other",NA,NA,263.2,6.6036960986,0,5.9137577002,0,"SD",0
"PID421","SID421","CTRL",50,62.8,0,"F",550.496960952424,"Other",NA,NA,73.01,3.9753593429,0,2.3983572895,1,"PD",0
"PID422","SID422","TRT",43,54.2,1,"F",549.77512528457,"Western Europe",2,"Wild Type",NA,7.523613963,1,7.523613963,1,"SD",0
"PID423","SID423","TRT",61,56.47,1,"M",548.882856834668,"USA",1,"Mutant",159.79,12.780287474,0,3.2525667351,0,"SD",1
"PID424","SID424","CTRL",50,132.4,1,"F",549.605005396686,"Other",1,"Wild Type",101.83,8.3778234086,0,6.8993839836,1,"SD",1
"PID425","SID425","CTRL",45,60.2,1,"M",551.549830342236,"Other",1,"Wild Type",77.17,5.3223819302,1,1.6098562628,1,"PD",1
"PID426","SID426","TRT",68,64.4,1,"M",549.256485520201,"Other",NA,"Wild Type",70.52,5.5195071869,0,2.5954825462,1,"PD",0
"PID427","SID427","TRT",39,112.3,0,"M",547.66828788227,"Other",2,"Wild Type",53.45,13.60164271,0,12.188911704,1,"SD",1
"PID428","SID428","TRT",46,72.8,2,"F",550.812245442209,"Other",NA,NA,NA,3.5154004107,0,2.7926078029,0,"SD",0
"PID429","SID429","TRT",63,73.18,2,"F",549.498689342799,"Other",2,"Mutant",24.25,2.3983572895,1,1.2156057495,1,"PD",1
"PID430","SID430","TRT",51,86.6,1,"F",549.489113434048,"USA",3,"Wild Type",333.14,9.4948665298,0,4.3696098563,1,"NON CR/PD",1
"PID431","SID431","TRT",59,73.4,1,"M",550.496960952424,"Western Europe",3,"Wild Type",37.27,6.4394250513,1,1.2484599589,1,"PD",1
"PID432","SID432","TRT",39,60.3,1,"M",549.77512528457,"Other",3,"Wild Type",77.71,9.659137577,0,2.9240246407,0,"SD",1
"PID433","SID433","TRT",53,65.6,1,"F",548.882856834668,"Western Europe",2,NA,NA,10.184804928,0,10.184804928,1,"SD",0
"PID434","SID434","TRT",41,72.4,1,"M",549.605005396686,"Other",NA,NA,77.17,14.094455852,0,8.3449691992,1,"PR",0
"PID435","SID435","TRT",48,77,1,"M",551.549830342236,"Western Europe",2,"Wild Type",238.86,11.23613963,0,11.23613963,0,"SD",1
"PID436","SID436","CTRL",73,52,0,"M",549.256485520201,"Western Europe",NA,NA,NA,10.776180698,1,3.2525667351,1,"SD",0
"PID437","SID437","TRT",43,63,0,"F",547.66828788227,"Other",NA,NA,216.77,6.5379876797,1,2.6611909651,1,"PD",0
"PID438","SID438","TRT",63,96.6,NA,"M",550.812245442209,"Other",NA,"Wild Type",87.43,4.9281314168,0,4.1724845996,0,"PR",0
"PID439","SID439","TRT",67,54,1,"F",549.498689342799,"Western Europe",NA,"Mutant",28.25,4.205338809,0,4.205338809,0,"SD",0
"PID440","SID440","CTRL",61,52.7,1,"F",549.489113434048,"Western Europe",2,"Wild Type",148.06,3.1540041068,0,1.4127310062,1,"PD",1
"PID441","SID441","TRT",37,74,1,"M",550.496960952424,"Other",NA,NA,53.45,3.6796714579,0,2.8583162218,0,"SD",0
"PID442","SID442","TRT",68,57.8,0,"M",549.77512528457,"Other",NA,NA,137.19,0.1314168378,1,0.0985626283,1,"PD",0
"PID443","SID443","TRT",50,76,0,"F",548.882856834668,"Western Europe",2,"Wild Type",53.08,5.2238193018,0,3.2854209446,1,"PD",1
"PID444","SID444","TRT",53,69,0,"M",549.605005396686,"Other",NA,NA,145.01,5.0924024641,0,4.205338809,0,"PR",0
"PID445","SID445","TRT",53,60.1,1,"M",551.549830342236,"Other",NA,NA,65.8,4.0739219713,0,2.7597535934,0,"SD",0
"PID446","SID446","CTRL",68,71,0,"F",549.256485520201,"Western Europe",NA,NA,NA,0.3285420945,1,0.3285420945,1,"PD",0
"PID447","SID447","TRT",35,58,1,"F",547.66828788227,"Western Europe",2,"Wild Type",2.03,10.67761807,0,9.9219712526,0,"SD",1
"PID448","SID448","CTRL",47,74,1,"M",550.812245442209,"Western Europe",NA,"Wild Type",9.78,11.466119097,0,4.3696098563,1,"SD",0
"PID449","SID449","TRT",54,48.3,1,"M",549.498689342799,"Western Europe",2,"Wild Type",765.36,8.3121149897,0,6.9979466119,1,"SD",1
"PID450","SID450","TRT",47,62,1,"M",549.489113434048,"USA",NA,"Wild Type",NA,4.7967145791,0,4.3696098563,0,"NON CR/PD",0
"PID451","SID451","TRT",65,89,1,"F",550.496960952424,"USA",2,"Wild Type",442.64,7.819301848,0,1.3798767967,1,"PD",1
"PID452","SID452","CTRL",52,54,1,"F",549.77512528457,"Other",NA,NA,22.63,10.283367556,0,10.283367556,0,"NON CR/PD",0
"PID453","SID453","CTRL",52,88.6,0,"M",548.882856834668,"USA",NA,"Wild Type",22.94,3.9425051335,0,3.9425051335,1,"NON CR/PD",0
"PID454","SID454","TRT",72,68.5,1,"F",549.605005396686,"Other",2,"Wild Type",64.45,6.8993839836,0,5.749486653,0,"SD",1
"PID455","SID455","CTRL",40,50.9,1,"M",551.549830342236,"Western Europe",NA,NA,NA,11.137577002,0,2.7926078029,1,"NON CR/PD",0
"PID456","SID456","TRT",49,56,0,"M",549.256485520201,"Western Europe",NA,NA,195.36,1.4784394251,0,1.4784394251,1,"PD",0
"PID457","SID457","TRT",66,61,1,"F",547.66828788227,"Western Europe",1,"Wild Type",NA,7.0965092402,1,1.3141683778,1,"PD",0
"PID458","SID458","TRT",44,59.2,0,"F",550.812245442209,"USA",NA,"Wild Type",16.34,5.2566735113,0,4.1067761807,0,"PR",0
"PID459","SID459","TRT",61,54,2,"F",549.498689342799,"USA",2,"Mutant",160.9,5.5195071869,0,2.7926078029,1,"SD",1
"PID460","SID460","TRT",54,56.7,1,"F",549.489113434048,"Other",1,"Mutant",93.05,5.6837782341,0,5.453798768,1,"SD",1
"PID461","SID461","CTRL",44,56.2,2,"F",550.496960952424,"Western Europe",1,"Wild Type",49.87,3.7125256674,0,2.0041067762,0,"SD",1
"PID462","SID462","TRT",59,63.5,0,"F",549.77512528457,"Western Europe",3,"Wild Type",NA,7.8850102669,0,4.4353182752,1,"SD",0
"PID463","SID463","TRT",41,133.2,1,"M",548.882856834668,"Other",NA,NA,NA,3.2854209446,0,1.2813141684,1,"PD",0
"PID464","SID464","CTRL",43,61.4,0,"F",549.605005396686,"Western Europe",NA,NA,NA,0.9199178645,1,0.9199178645,1,"PD",0
"PID465","SID465","TRT",55,94.3,1,"M",551.549830342236,"USA",NA,NA,16.56,12.254620123,0,8.2792607803,1,"PR",0
"PID466","SID466","TRT",47,52,0,"F",549.256485520201,"Other",NA,NA,572.05,10.546201232,1,10.546201232,1,"PR",0
"PID467","SID467","TRT",35,54,0,"F",547.66828788227,"Other",2,"Wild Type",135.3,4.1724845996,0,4.1067761807,0,"PR",1
"PID468","SID468","TRT",55,49.3,0,"M",550.812245442209,"Western Europe",NA,NA,245.57,3.613963039,0,2.726899384,0,"SD",0
"PID469","SID469","CTRL",49,64.8,0,"M",549.498689342799,"Western Europe",1,"Wild Type",7.21,4.2710472279,0,4.2710472279,0,"SD",1
"PID470","SID470","CTRL",57,56.2,1,"M",549.489113434048,"Other",1,"Mutant",22.63,4.8952772074,0,3.0554414784,1,"SD",1
"PID471","SID471","TRT",58,72.2,1,"M",550.496960952424,"Western Europe",2,NA,31.56,13.174537988,0,5.5852156057,1,"SD",0
"PID472","SID472","TRT",52,66,1,"F",549.77512528457,"Other",1,"Wild Type",45.57,6.2422997947,0,5.6837782341,0,"NON CR/PD",1
"PID473","SID473","TRT",49,54.8,1,"M",548.882856834668,"USA",3,"Wild Type",43.11,4.8295687885,0,4.4024640657,0,"PR",1
"PID474","SID474","TRT",39,56.8,1,"F",549.605005396686,"Western Europe",2,NA,NA,14.751540041,0,9.7248459959,1,"SD",0
"PID475","SID475","TRT",62,67.7,0,"M",551.549830342236,"Western Europe",1,"Wild Type",NA,2.8583162218,0,2.8583162218,1,"SD",0
"PID476","SID476","CTRL",43,60,1,"F",549.256485520201,"USA",3,"Wild Type",NA,0.7885010267,0,0.0328542094,0,"",0
"PID477","SID477","TRT",63,62,0,"F",547.66828788227,"USA",NA,NA,100.43,6.1765913758,0,2.9240246407,1,"PD",0
"PID478","SID478","CTRL",27,57,1,"M",550.812245442209,"Other",NA,NA,163.14,11.301848049,0,2.6940451745,1,"SD",0
"PID479","SID479","CTRL",56,64.2,1,"M",549.498689342799,"Western Europe",3,"Wild Type",421.68,4.5995893224,0,1.4784394251,1,"PD",1
"PID480","SID480","TRT",50,101,0,"F",549.489113434048,"Western Europe",2,NA,NA,3.5482546201,0,3.0554414784,0,"PR",0
"PID481","SID481","CTRL",61,72.2,2,"F",550.496960952424,"Western Europe",NA,NA,NA,9.2320328542,0,2.7597535934,0,"SD",0
"PID482","SID482","TRT",56,76,0,"M",549.77512528457,"Other",NA,NA,268.73,1.6427104723,0,1.2156057495,1,"PD",0
"PID483","SID483","CTRL",50,75.5,0,"M",548.882856834668,"USA",1,"Wild Type",9.71,4.9609856263,0,1.5112936345,1,"PD",1
"PID484","SID484","TRT",53,75.3,0,"F",549.605005396686,"Western Europe",2,"Wild Type",171.25,14.915811088,0,12.583162218,1,"NON CR/PD",1
"PID485","SID485","TRT",47,94.35,1,"F",551.549830342236,"Other",NA,NA,NA,4.8624229979,0,4.0410677618,0,"PR",0
"PID486","SID486","TRT",46,73,1,"M",549.256485520201,"Western Europe",1,"Wild Type",209.38,7.1950718686,0,4.3367556468,0,"NON CR/PD",1
"PID487","SID487","TRT",45,68.5,0,"M",547.66828788227,"USA",NA,"Wild Type",40.79,4.8952772074,0,4.8952772074,1,"SD",0
"PID488","SID488","TRT",60,110,1,"F",550.812245442209,"Western Europe",3,"Wild Type",18.38,8.5420944559,0,8.5420944559,0,"NON CR/PD",1
"PID489","SID489","TRT",46,64,1,"F",549.498689342799,"Other",NA,NA,NA,11.728952772,1,11.728952772,1,"PR",0
"PID490","SID490","TRT",64,62,1,"M",549.489113434048,"Other",NA,NA,265.03,3.5154004107,1,2.5954825462,1,"PD",0
"PID491","SID491","TRT",71,56.6,1,"M",550.496960952424,"USA",3,"Wild Type",10.2,4.2381930185,0,0.9199178645,1,"PD",1
"PID492","SID492","TRT",55,107.1,0,"M",549.77512528457,"Other",2,"Wild Type",121.94,5.5523613963,0,5.5523613963,0,"NON CR/PD",1
"PID493","SID493","TRT",49,62,0,"F",548.882856834668,"USA",NA,"Mutant",330.84,5.0266940452,0,4.1067761807,0,"PR",0
"PID494","SID494","TRT",50,46.7,0,"F",549.605005396686,"Other",NA,NA,94.35,14.488706366,0,13.798767967,0,"PR",0
"PID495","SID495","TRT",40,55,0,"M",551.549830342236,"Other",NA,NA,NA,1.5112936345,1,1.5112936345,1,"",0
"PID496","SID496","CTRL",36,61.1,1,"M",549.256485520201,"Western Europe",NA,"Mutant",73.01,7.9507186858,0,7.3264887064,0,"PR",0
"PID497","SID497","TRT",46,54.5,0,"F",547.66828788227,"USA",2,"Wild Type",112.99,2.8254620123,0,2.7926078029,1,"NON CR/PD",1
"PID498","SID498","TRT",59,49.3,0,"M",550.812245442209,"Western Europe",3,"Mutant",100.43,6.4394250513,0,5.8480492813,0,"PR",1
"PID499","SID499","TRT",48,71,1,"M",549.498689342799,"Western Europe",NA,NA,174.85,0.6242299795,0,0.6242299795,1,"PD",0
"PID500","SID500","CTRL",48,57.2,0,"F",549.489113434048,"Other",NA,NA,292.04,5.1252566735,0,4.7310061602,1,"NON CR/PD",0
"PID501","SID501","TRT",49,72.3,0,"M",550.496960952424,"Western Europe",1,"Mutant",151.17,3.7453798768,0,2.8254620123,0,"PR",1
"PID502","SID502","CTRL",50,118.8,0,"F",549.77512528457,"Other",3,"Mutant",48.17,7.1622176591,0,6.8993839836,1,"SD",1
"PID503","SID503","TRT",59,62,1,"M",548.882856834668,"Western Europe",3,"Wild Type",12.04,10.611909651,0,0.6242299795,1,"PD",1
"PID504","SID504","TRT",45,57,1,"F",549.605005396686,"Western Europe",NA,NA,62.68,10.283367556,0,9.4620123203,0,"SD",0
"PID505","SID505","TRT",57,59.4,1,"F",551.549830342236,"Other",NA,NA,27.86,5.4209445585,1,5.4209445585,1,"SD",0
"PID506","SID506","TRT",48,51,1,"M",549.256485520201,"Western Europe",NA,"Mutant",51.27,14.094455852,0,8.3121149897,1,"SD",0
"PID507","SID507","TRT",45,72,0,"F",547.66828788227,"Other",1,NA,NA,6.6694045175,0,0.0328542094,0,"NE",0
"PID508","SID508","TRT",48,66,0,"M",550.812245442209,"Other",NA,NA,23.1,5.9137577002,0,5.8151950719,1,"PR",0
"PID509","SID509","CTRL",60,62,2,"F",549.498689342799,"USA",1,"Wild Type",165.42,0.1314168378,0,0.0328542094,0,"",1
"PID510","SID510","TRT",50,56.75,1,"M",549.489113434048,"Other",NA,NA,NA,9.8562628337,0,9.7248459959,0,"PR",0
"PID511","SID511","TRT",75,52,1,"M",550.496960952424,"Western Europe",1,"Wild Type",14.32,4.4681724846,0,4.4353182752,0,"PR",1
"PID512","SID512","TRT",69,58,0,"F",549.77512528457,"USA",3,"Mutant",NA,6.1765913758,0,6.1765913758,1,"PR",0
"PID513","SID513","CTRL",64,75,1,"F",548.882856834668,"Other",NA,NA,29.65,2.1026694045,1,1.3141683778,1,"PD",0
"PID514","SID514","CTRL",48,63,0,"M",549.605005396686,"Other",3,"Wild Type",367.09,5.3552361396,0,1.3470225873,1,"PD",1
"PID515","SID515","CTRL",44,70,1,"F",551.549830342236,"Other",NA,NA,596.34,3.7453798768,0,2.6611909651,1,"PD",0
"PID516","SID516","CTRL",47,63,1,"F",549.256485520201,"Other",2,"Wild Type",319.57,10.67761807,0,1.2484599589,1,"PD",1
"PID517","SID517","TRT",49,68.9,1,"M",547.66828788227,"Western Europe",1,NA,72,3.8439425051,1,3.2197125257,1,"SD",0
"PID518","SID518","TRT",56,81,0,"M",550.812245442209,"USA",2,"Wild Type",238.86,12.188911704,0,11.531827515,0,"PR",1
"PID519","SID519","TRT",66,74.4,1,"F",549.498689342799,"Other",2,"Mutant",209.38,9.8234086242,0,9.5605749487,0,"PR",1
"PID520","SID520","CTRL",61,63.3,0,"M",549.489113434048,"Western Europe",NA,NA,NA,3.613963039,0,2.726899384,0,"PR",0
"PID521","SID521","TRT",71,60.6,0,"M",550.496960952424,"USA",1,"Wild Type",51.63,3.3511293634,0,2.8911704312,0,"SD",1
"PID522","SID522","TRT",54,68.1,0,"M",549.77512528457,"USA",NA,NA,182.28,4.5995893224,0,4.3367556468,0,"SD",0
"PID523","SID523","TRT",57,80,1,"F",548.882856834668,"USA",2,"Wild Type",8.88,2.8254620123,0,2.8254620123,1,"NON CR/PD",1
"PID524","SID524","TRT",63,88,0,"M",549.605005396686,"Other",NA,NA,192.67,4.8952772074,0,4.205338809,0,"PR",0
"PID525","SID525","TRT",62,118.7,1,"F",551.549830342236,"USA",3,"Wild Type",247.28,4.1067761807,0,2.9568788501,0,"NON CR/PD",1
"PID526","SID526","TRT",63,62,0,"F",549.256485520201,"Western Europe",2,"Wild Type",78.79,11.334702259,0,6.8665297741,1,"PR",1
"PID527","SID527","CTRL",52,68.5,1,"F",547.66828788227,"USA",2,"Wild Type",18.64,6.2751540041,0,6.2751540041,1,"PD",1
"PID528","SID528","TRT",73,57.6,0,"M",550.812245442209,"Western Europe",2,"Wild Type",40.22,5.2895277207,0,2.8583162218,1,"NON CR/PD",1
"PID529","SID529","CTRL",59,61,1,"M",549.498689342799,"Other",NA,NA,14.93,5.7823408624,0,5.6509240246,0,"NON CR/PD",0
"PID530","SID530","TRT",37,68,0,"M",549.489113434048,"Western Europe",1,"Wild Type",133.44,4.2710472279,0,4.0410677618,0,"SD",1
"PID531","SID531","CTRL",56,79,0,"M",550.496960952424,"Western Europe",3,"Wild Type",54.19,6.6036960986,0,2.4640657084,1,"SD",1
"PID532","SID532","TRT",59,74,1,"M",549.77512528457,"Other",NA,NA,38.85,4.3039014374,1,2.2997946612,1,"SD",0
"PID533","SID533","CTRL",58,74.1,1,"F",548.882856834668,"Other",NA,NA,99.73,3.909650924,0,1.6098562628,1,"PD",0
"PID534","SID534","TRT",57,73.5,1,"M",549.605005396686,"USA",1,"Wild Type",77.71,4.9938398357,0,4.205338809,0,"PR",1
"PID535","SID535","TRT",71,76,0,"F",551.549830342236,"Other",NA,NA,5.13,6.636550308,1,1.2156057495,1,"PD",0
"PID536","SID536","CTRL",72,74,1,"F",549.256485520201,"Western Europe",1,"Wild Type",430.54,8.6735112936,0,3.3839835729,1,"SD",1
"PID537","SID537","CTRL",53,157.48,1,"F",547.66828788227,"USA",NA,NA,NA,0.0328542094,0,0.0328542094,0,"",0
"PID538","SID538","CTRL",38,60.8,0,"M",550.812245442209,"Other",3,"Mutant",136.24,11.630390144,0,10.907597536,0,"PR",1
"PID539","SID539","TRT",58,53.8,1,"F",549.498689342799,"Other",NA,NA,71.51,3.4825462012,0,3.1868583162,0,"SD",0
"PID540","SID540","TRT",47,78.2,1,"M",549.489113434048,"Other",NA,NA,170.07,3.5154004107,0,2.6611909651,0,"NON CR/PD",0
"PID541","SID541","TRT",53,70.5,1,"M",550.496960952424,"Other",2,"Wild Type",330.84,3.5154004107,0,2.8254620123,1,"SD",1
"PID542","SID542","TRT",53,63,1,"F",549.77512528457,"Western Europe",2,"Wild Type",765.36,9.0020533881,0,8.3449691992,0,"NON CR/PD",1
"PID543","SID543","CTRL",49,68.5,1,"M",548.882856834668,"USA",2,"Wild Type",9.78,0.0328542094,0,0.0328542094,0,"",1
"PID544","SID544","CTRL",61,85.96,1,"M",549.605005396686,"USA",NA,NA,48.5,3.7125256674,0,3.022587269,0,"SD",0
"PID545","SID545","TRT",45,55,1,"F",551.549830342236,"USA",1,"Wild Type",140.07,0.1971252567,0,0.0328542094,0,"",1
"PID546","SID546","TRT",51,67.1,0,"F",549.256485520201,"Other",NA,NA,NA,2.9568788501,0,2.7926078029,1,"PD",0
"PID547","SID547","TRT",45,49,1,"M",547.66828788227,"Western Europe",2,"Wild Type",26.54,4.3367556468,0,4.3367556468,0,"PR",1
"PID548","SID548","TRT",50,64.9,1,"F",550.812245442209,"Western Europe",3,"Wild Type",377.41,9.7905544148,0,9.6919917864,0,"PR",1
"PID549","SID549","CTRL",47,86.9,0,"F",549.498689342799,"Western Europe",3,"Mutant",9.32,3.909650924,0,3.909650924,1,"SD",1
"PID550","SID550","TRT",63,54,1,"F",549.489113434048,"USA",NA,"Wild Type",235.57,5.5852156057,0,4.6981519507,0,"SD",0
